{
    "Life": [{
        "title": "深入Java虚拟机读书笔记",
        "thumb_url": "http://ppcdn.500px.org/76591023/c33e6c36864d29937715e3f852db45a826307ecf/5.jpg",
        "description": "读过深入Java虚拟机后收获很多，时间紧没有细读，能记的都记录下来。",
        "list": [{
            "title": "一个曾经存在过的教育产品的故事",
            "author": "John Wong",
            "time": "7/13/2011",
            "cover_url": "http://ppcdn.500px.org/76591023/c33e6c36864d29937715e3f852db45a826307ecf/5.jpg",
            "thumb_url": "http://ppcdn.500px.org/76591023/c33e6c36864d29937715e3f852db45a826307ecf/5.jpg",
            "description": "据说这次合并不涉及现金，食神摇摇员工将获得一定的美丽说期权。"
        }, {
            "title": "一个曾经存在过的教育产品的故事1",
            "author": "John Wong",
            "time": "7/13/2011",
            "cover_url": "http://a.36krcnd.com/photo/2014/85b9ba90f0733923675ddb8c1126df7c.jpg",
            "thumb_url": "http://ppcdn.500px.org/76591023/c33e6c36864d29937715e3f852db45a826307ecf/5.jpg",
            "description": "据说这次合并不涉及现金，食神摇摇员工将获得一定的美丽说期权。"
        }]
    }, {
        "title": "从估值一亿到一夜分家：一个曾经存在过的教育产品的故事",
        "author": "John Wong",
        "time": "7/13/2011",
        "cover_url": "http://ppcdn.500px.org/76591023/c33e6c36864d29937715e3f852db45a826307ecf/5.jpg",
        "thumb_url": "http://ppcdn.500px.org/76591023/c33e6c36864d29937715e3f852db45a826307ecf/5.jpg",
        "description": "据说这次合并不涉及现金，食神摇摇员工将获得一定的美丽说期权。"
    }, {
        "title": "从估值一亿到一夜分家：一个曾经存在过的教育产品的故事1",
        "author": "John Wong",
        "time": "7/13/2011",
        "cover_url": "http://a.36krcnd.com/photo/2014/85b9ba90f0733923675ddb8c1126df7c.jpg",
        "thumb_url": "http://ppcdn.500px.org/76591023/c33e6c36864d29937715e3f852db45a826307ecf/5.jpg",
        "description": "据说这次合并不涉及现金，食神摇摇员工将获得一定的美丽说期权。"
    }, {
        "title": "从估值一亿到一夜分家：一个曾经存在过的教育产品的故事2",
        "author": "John Wong",
        "time": "7/13/2014",
        "cover_url": "http://a.36krcnd.com/photo/2014/85b9ba90f0733923675ddb8c1126df7c.jpg",
        "thumb_url": "http://ppcdn.500px.org/76591023/c33e6c36864d29937715e3f852db45a826307ecf/5.jpg",
        "description": "据说这次合并不涉及现金，食神摇摇员工将获得一定的美丽说期权。"
    },{
        "title": "从估值一亿到一夜分家：一个曾经存在过的教育产品的故事",
        "author": "John Wong",
        "time": "7/13/2011",
        "cover_url": "http://ppcdn.500px.org/76591023/c33e6c36864d29937715e3f852db45a826307ecf/5.jpg",
        "thumb_url": "http://ppcdn.500px.org/76591023/c33e6c36864d29937715e3f852db45a826307ecf/5.jpg",
        "description": "据说这次合并不涉及现金，食神摇摇员工将获得一定的美丽说期权。"
    }, {
        "title": "从估值一亿到一夜分家：一个曾经存在过的教育产品的故事1",
        "author": "John Wong",
        "time": "7/13/2011",
        "cover_url": "http://a.36krcnd.com/photo/2014/85b9ba90f0733923675ddb8c1126df7c.jpg",
        "thumb_url": "http://ppcdn.500px.org/76591023/c33e6c36864d29937715e3f852db45a826307ecf/5.jpg",
        "description": "据说这次合并不涉及现金，食神摇摇员工将获得一定的美丽说期权。"
    }, {
        "title": "从估值一亿到一夜分家：一个曾经存在过的教育产品的故事2",
        "author": "John Wong",
        "time": "7/13/2014",
        "cover_url": "http://a.36krcnd.com/photo/2014/85b9ba90f0733923675ddb8c1126df7c.jpg",
        "thumb_url": "http://ppcdn.500px.org/76591023/c33e6c36864d29937715e3f852db45a826307ecf/5.jpg",
        "description": "据说这次合并不涉及现金，食神摇摇员工将获得一定的美丽说期权。"
    },{
        "title": "从估值一亿到一夜分家：一个曾经存在过的教育产品的故事",
        "author": "John Wong",
        "time": "7/13/2011",
        "cover_url": "http://ppcdn.500px.org/76591023/c33e6c36864d29937715e3f852db45a826307ecf/5.jpg",
        "thumb_url": "http://ppcdn.500px.org/76591023/c33e6c36864d29937715e3f852db45a826307ecf/5.jpg",
        "description": "据说这次合并不涉及现金，食神摇摇员工将获得一定的美丽说期权。"
    }, {
        "title": "从估值一亿到一夜分家：一个曾经存在过的教育产品的故事1",
        "author": "John Wong",
        "time": "7/13/2011",
        "cover_url": "http://a.36krcnd.com/photo/2014/85b9ba90f0733923675ddb8c1126df7c.jpg",
        "thumb_url": "http://ppcdn.500px.org/76591023/c33e6c36864d29937715e3f852db45a826307ecf/5.jpg",
        "description": "据说这次合并不涉及现金，食神摇摇员工将获得一定的美丽说期权。"
    }, {
        "title": "从估值一亿到一夜分家：一个曾经存在过的教育产品的故事2",
        "author": "John Wong",
        "time": "7/13/2014",
        "cover_url": "http://a.36krcnd.com/photo/2014/85b9ba90f0733923675ddb8c1126df7c.jpg",
        "thumb_url": "http://ppcdn.500px.org/76591023/c33e6c36864d29937715e3f852db45a826307ecf/5.jpg",
        "description": "据说这次合并不涉及现金，食神摇摇员工将获得一定的美丽说期权。"
    },{
        "title": "从估值一亿到一夜分家：一个曾经存在过的教育产品的故事",
        "author": "John Wong",
        "time": "7/13/2011",
        "cover_url": "http://ppcdn.500px.org/76591023/c33e6c36864d29937715e3f852db45a826307ecf/5.jpg",
        "thumb_url": "http://ppcdn.500px.org/76591023/c33e6c36864d29937715e3f852db45a826307ecf/5.jpg",
        "description": "据说这次合并不涉及现金，食神摇摇员工将获得一定的美丽说期权。"
    }, {
        "title": "从估值一亿到一夜分家：一个曾经存在过的教育产品的故事1",
        "author": "John Wong",
        "time": "7/13/2011",
        "cover_url": "http://a.36krcnd.com/photo/2014/85b9ba90f0733923675ddb8c1126df7c.jpg",
        "thumb_url": "http://ppcdn.500px.org/76591023/c33e6c36864d29937715e3f852db45a826307ecf/5.jpg",
        "description": "据说这次合并不涉及现金，食神摇摇员工将获得一定的美丽说期权。"
    }, {
        "title": "从估值一亿到一夜分家：一个曾经存在过的教育产品的故事2",
        "author": "John Wong",
        "time": "7/13/2014",
        "cover_url": "http://a.36krcnd.com/photo/2014/85b9ba90f0733923675ddb8c1126df7c.jpg",
        "thumb_url": "http://ppcdn.500px.org/76591023/c33e6c36864d29937715e3f852db45a826307ecf/5.jpg",
        "description": "据说这次合并不涉及现金，食神摇摇员工将获得一定的美丽说期权"
    }]
}